1;img/telefon.jpg;467;Model telefon 1;99
1;img/telefon.jpg;725.83;Model telefon 2;100
1;img/telefon.jpg;161.16;Model telefon 3;77
1;img/telefon.jpg;171.29;Model telefon 4;27
1;img/telefon.jpg;414.9;Model telefon 5;36
1;img/telefon.jpg;188.46;Model telefon 6;26
1;img/telefon.jpg;737.99;Model telefon 7;21
1;img/telefon.jpg;937.03;Model telefon 8;63
1;img/telefon.jpg;220.13;Model telefon 9;30
1;img/telefon.jpg;265.32;Model telefon 10;76
1;img/telefon.jpg;722.02;Model telefon 11;21
1;img/telefon.jpg;890.48;Model telefon 12;86
1;img/telefon.jpg;549.06;Model telefon 13;37
1;img/telefon.jpg;363.39;Model telefon 14;28
1;img/telefon.jpg;835.04;Model telefon 15;86
1;img/telefon.jpg;392.79;Model telefon 16;50
1;img/telefon.jpg;182.97;Model telefon 17;18
1;img/telefon.jpg;163.9;Model telefon 18;73
1;img/telefon.jpg;809.92;Model telefon 19;91
1;img/telefon.jpg;423.45;Model telefon 20;44
1;img/telefon.jpg;810.28;Model telefon 21;76
1;img/telefon.jpg;214.17;Model telefon 22;92
1;img/telefon.jpg;376.6;Model telefon 23;71
1;img/telefon.jpg;312.2;Model telefon 24;24
1;img/telefon.jpg;242.89;Model telefon 25;18
1;img/telefon.jpg;368.67;Model telefon 26;14
1;img/telefon.jpg;631.72;Model telefon 27;71
1;img/telefon.jpg;304.94;Model telefon 28;92
1;img/telefon.jpg;365.55;Model telefon 29;99
1;img/telefon.jpg;277.81;Model telefon 30;90
1;img/telefon.jpg;635.54;Model telefon 31;46
1;img/telefon.jpg;674.62;Model telefon 32;50
1;img/telefon.jpg;440.86;Model telefon 33;25
1;img/telefon.jpg;896.51;Model telefon 34;55
1;img/telefon.jpg;125.92;Model telefon 35;36
1;img/telefon.jpg;970.36;Model telefon 36;93
1;img/telefon.jpg;961.18;Model telefon 37;38
1;img/telefon.jpg;685.71;Model telefon 38;100
1;img/telefon.jpg;825.78;Model telefon 39;20
1;img/telefon.jpg;993.49;Model telefon 40;69
1;img/telefon.jpg;450.5;Model telefon 41;63
1;img/telefon.jpg;322.99;Model telefon 42;47
1;img/telefon.jpg;571.3;Model telefon 43;60
1;img/telefon.jpg;419.31;Model telefon 44;45
1;img/telefon.jpg;166.75;Model telefon 45;34
1;img/telefon.jpg;630.24;Model telefon 46;45
1;img/telefon.jpg;376.28;Model telefon 47;100
1;img/telefon.jpg;837.17;Model telefon 48;25
1;img/telefon.jpg;916.32;Model telefon 49;11
1;img/telefon.jpg;471.56;Model telefon 50;40
1;img/telefon.jpg;973.26;Model telefon 51;28
1;img/telefon.jpg;167.99;Model telefon 52;20
1;img/telefon.jpg;457.27;Model telefon 53;95
1;img/telefon.jpg;142.36;Model telefon 54;46
1;img/telefon.jpg;809.92;Model telefon 55;30
1;img/telefon.jpg;608.01;Model telefon 56;72
1;img/telefon.jpg;621.28;Model telefon 57;50
1;img/telefon.jpg;362.96;Model telefon 58;21
1;img/telefon.jpg;961.83;Model telefon 59;99
1;img/telefon.jpg;846.38;Model telefon 60;51
1;img/telefon.jpg;494.09;Model telefon 61;53
1;img/telefon.jpg;893.37;Model telefon 62;40
1;img/telefon.jpg;358.56;Model telefon 63;81
1;img/telefon.jpg;181.55;Model telefon 64;88
1;img/telefon.jpg;390.16;Model telefon 65;16
1;img/telefon.jpg;401.14;Model telefon 66;80
1;img/telefon.jpg;385.25;Model telefon 67;16
1;img/telefon.jpg;796.01;Model telefon 68;81
1;img/telefon.jpg;586.44;Model telefon 69;37
1;img/telefon.jpg;824.26;Model telefon 70;38
1;img/telefon.jpg;796.18;Model telefon 71;93
1;img/telefon.jpg;164.57;Model telefon 72;69
1;img/telefon.jpg;742.52;Model telefon 73;89
1;img/telefon.jpg;552.3;Model telefon 74;34
1;img/telefon.jpg;992.01;Model telefon 75;68
1;img/telefon.jpg;658.75;Model telefon 76;41
1;img/telefon.jpg;537.42;Model telefon 77;36
1;img/telefon.jpg;704.73;Model telefon 78;33
1;img/telefon.jpg;990.1;Model telefon 79;25
1;img/telefon.jpg;981.56;Model telefon 80;75
1;img/telefon.jpg;111.66;Model telefon 81;44
1;img/telefon.jpg;256.53;Model telefon 82;20
1;img/telefon.jpg;359.92;Model telefon 83;40
1;img/telefon.jpg;523.82;Model telefon 84;21
1;img/telefon.jpg;766.15;Model telefon 85;19
1;img/telefon.jpg;488.07;Model telefon 86;76
1;img/telefon.jpg;921.25;Model telefon 87;91
1;img/telefon.jpg;195.64;Model telefon 88;24
1;img/telefon.jpg;419.94;Model telefon 89;45
1;img/telefon.jpg;640.32;Model telefon 90;35
1;img/telefon.jpg;491.08;Model telefon 91;74
1;img/telefon.jpg;287.9;Model telefon 92;83
1;img/telefon.jpg;422.21;Model telefon 93;11
1;img/telefon.jpg;130.85;Model telefon 94;38
1;img/telefon.jpg;311.03;Model telefon 95;78
1;img/telefon.jpg;555.2;Model telefon 96;60
1;img/telefon.jpg;708.85;Model telefon 97;98
1;img/telefon.jpg;476.4;Model telefon 98;16
1;img/telefon.jpg;331.34;Model telefon 99;59
1;img/telefon.jpg;795.75;Model telefon 100;51
1;img/telefon.jpg;980.42;Model telefon 1;94
1;img/telefon.jpg;996.11;Model telefon 2;91
1;img/telefon.jpg;594.5;Model telefon 3;75
1;img/telefon.jpg;547.01;Model telefon 4;86
1;img/telefon.jpg;710.6;Model telefon 5;35
1;img/telefon.jpg;582.39;Model telefon 6;48
1;img/telefon.jpg;889.85;Model telefon 7;27
1;img/telefon.jpg;575.01;Model telefon 8;43
1;img/telefon.jpg;449.36;Model telefon 9;29
1;img/telefon.jpg;470.52;Model telefon 10;57
1;img/telefon.jpg;181.6;Model telefon 11;98
1;img/telefon.jpg;705.83;Model telefon 12;47
1;img/telefon.jpg;168.01;Model telefon 13;86
1;img/telefon.jpg;814.1;Model telefon 14;25
1;img/telefon.jpg;499.34;Model telefon 15;89
1;img/telefon.jpg;645.28;Model telefon 16;40
1;img/telefon.jpg;386.04;Model telefon 17;64
1;img/telefon.jpg;263.83;Model telefon 18;99
1;img/telefon.jpg;494.7;Model telefon 19;73
1;img/telefon.jpg;684.95;Model telefon 20;13
1;img/telefon.jpg;350.91;Model telefon 21;61
1;img/telefon.jpg;756.53;Model telefon 22;20
1;img/telefon.jpg;947.03;Model telefon 23;13
1;img/telefon.jpg;931.98;Model telefon 24;16
1;img/telefon.jpg;268.18;Model telefon 25;85
1;img/telefon.jpg;627.04;Model telefon 26;41
1;img/telefon.jpg;567.41;Model telefon 27;50
1;img/telefon.jpg;883.67;Model telefon 28;15
1;img/telefon.jpg;804.84;Model telefon 29;81
1;img/telefon.jpg;165.85;Model telefon 30;99
1;img/telefon.jpg;645.78;Model telefon 31;19
1;img/telefon.jpg;257.73;Model telefon 32;100
1;img/telefon.jpg;881.47;Model telefon 33;75
1;img/telefon.jpg;466.76;Model telefon 34;38
1;img/telefon.jpg;904.36;Model telefon 35;26
1;img/telefon.jpg;466.68;Model telefon 36;70
1;img/telefon.jpg;800.63;Model telefon 37;23
1;img/telefon.jpg;671.82;Model telefon 38;13
1;img/telefon.jpg;109.24;Model telefon 39;64
1;img/telefon.jpg;533.21;Model telefon 40;34
1;img/telefon.jpg;711.39;Model telefon 41;44
1;img/telefon.jpg;565.52;Model telefon 42;97
1;img/telefon.jpg;392.96;Model telefon 43;53
1;img/telefon.jpg;448.79;Model telefon 44;19
1;img/telefon.jpg;446.64;Model telefon 45;33
1;img/telefon.jpg;979.42;Model telefon 46;14
1;img/telefon.jpg;827.19;Model telefon 47;84
1;img/telefon.jpg;129.45;Model telefon 48;23
1;img/telefon.jpg;359.46;Model telefon 49;22
1;img/telefon.jpg;485.42;Model telefon 50;85
1;img/telefon.jpg;290.17;Model telefon 51;40
1;img/telefon.jpg;758.48;Model telefon 52;97
1;img/telefon.jpg;973.97;Model telefon 53;30
1;img/telefon.jpg;441.57;Model telefon 54;58
1;img/telefon.jpg;139.38;Model telefon 55;42
1;img/telefon.jpg;384.62;Model telefon 56;52
1;img/telefon.jpg;251.34;Model telefon 57;63
1;img/telefon.jpg;960.59;Model telefon 58;94
1;img/telefon.jpg;621.24;Model telefon 59;61
1;img/telefon.jpg;187.52;Model telefon 60;33
1;img/telefon.jpg;975.9;Model telefon 61;45
1;img/telefon.jpg;425.02;Model telefon 62;73
1;img/telefon.jpg;102.63;Model telefon 63;50
1;img/telefon.jpg;832.65;Model telefon 64;16
1;img/telefon.jpg;350.33;Model telefon 65;16
1;img/telefon.jpg;880.03;Model telefon 66;30
1;img/telefon.jpg;936.46;Model telefon 67;29
1;img/telefon.jpg;305.01;Model telefon 68;69
1;img/telefon.jpg;640;Model telefon 69;91
1;img/telefon.jpg;543.4;Model telefon 70;43
1;img/telefon.jpg;845.83;Model telefon 71;73
1;img/telefon.jpg;607.1;Model telefon 72;60
1;img/telefon.jpg;861.05;Model telefon 73;94
1;img/telefon.jpg;979.21;Model telefon 74;45
1;img/telefon.jpg;449.2;Model telefon 75;22
1;img/telefon.jpg;460.49;Model telefon 76;34
1;img/telefon.jpg;569.46;Model telefon 77;81
1;img/telefon.jpg;582.95;Model telefon 78;29
1;img/telefon.jpg;794.8;Model telefon 79;59
1;img/telefon.jpg;128.9;Model telefon 80;32
1;img/telefon.jpg;356.1;Model telefon 81;32
1;img/telefon.jpg;776.05;Model telefon 82;98
1;img/telefon.jpg;608.58;Model telefon 83;59
1;img/telefon.jpg;201.57;Model telefon 84;79
1;img/telefon.jpg;538.47;Model telefon 85;50
1;img/telefon.jpg;371.08;Model telefon 86;47
1;img/telefon.jpg;339.94;Model telefon 87;69
1;img/telefon.jpg;826.09;Model telefon 88;84
1;img/telefon.jpg;386.18;Model telefon 89;40
1;img/telefon.jpg;179.98;Model telefon 90;45
1;img/telefon.jpg;613.1;Model telefon 91;29
1;img/telefon.jpg;395.45;Model telefon 92;82
1;img/telefon.jpg;867.69;Model telefon 93;46
1;img/telefon.jpg;492.21;Model telefon 94;73
1;img/telefon.jpg;782.83;Model telefon 95;33
1;img/telefon.jpg;909.65;Model telefon 96;90
1;img/telefon.jpg;228.69;Model telefon 97;32
1;img/telefon.jpg;408.18;Model telefon 98;45
1;img/telefon.jpg;323.04;Model telefon 99;71
1;img/telefon.jpg;389.32;Model telefon 100;40
2;img/laptop.jpg;2528.88;Model laptop 1;35
2;img/laptop.jpg;4180.01;Model laptop 2;69
2;img/laptop.jpg;4162.57;Model laptop 3;29
2;img/laptop.jpg;1321.34;Model laptop 4;86
2;img/laptop.jpg;1509.71;Model laptop 5;66
2;img/laptop.jpg;3420.6;Model laptop 6;41
2;img/laptop.jpg;4041.23;Model laptop 7;42
2;img/laptop.jpg;1195.92;Model laptop 8;22
2;img/laptop.jpg;3598.11;Model laptop 9;27
2;img/laptop.jpg;3698.23;Model laptop 10;39
2;img/laptop.jpg;4215.72;Model laptop 11;11
2;img/laptop.jpg;3610.83;Model laptop 12;67
2;img/laptop.jpg;3770.87;Model laptop 13;68
2;img/laptop.jpg;4206.57;Model laptop 14;56
2;img/laptop.jpg;2347.91;Model laptop 15;22
2;img/laptop.jpg;1606.49;Model laptop 16;73
2;img/laptop.jpg;3464.58;Model laptop 17;90
2;img/laptop.jpg;1182.05;Model laptop 18;42
2;img/laptop.jpg;2687.62;Model laptop 19;47
2;img/laptop.jpg;3557.45;Model laptop 20;98
2;img/laptop.jpg;1115.16;Model laptop 21;14
2;img/laptop.jpg;1174.03;Model laptop 22;57
2;img/laptop.jpg;3481.15;Model laptop 23;95
2;img/laptop.jpg;1088.38;Model laptop 24;81
2;img/laptop.jpg;2723.21;Model laptop 25;12
2;img/laptop.jpg;3870.29;Model laptop 26;15
2;img/laptop.jpg;3755.06;Model laptop 27;98
2;img/laptop.jpg;4851.87;Model laptop 28;17
2;img/laptop.jpg;4686.91;Model laptop 29;64
2;img/laptop.jpg;1676.05;Model laptop 30;21
2;img/laptop.jpg;2342.15;Model laptop 31;31
2;img/laptop.jpg;3159.19;Model laptop 32;77
2;img/laptop.jpg;3037.43;Model laptop 33;69
2;img/laptop.jpg;3811.46;Model laptop 34;26
2;img/laptop.jpg;4076.01;Model laptop 35;72
2;img/laptop.jpg;1471.84;Model laptop 36;71
2;img/laptop.jpg;1911.61;Model laptop 37;75
2;img/laptop.jpg;4371.18;Model laptop 38;48
2;img/laptop.jpg;4844.22;Model laptop 39;71
2;img/laptop.jpg;2690.76;Model laptop 40;21
2;img/laptop.jpg;3642.43;Model laptop 41;57
2;img/laptop.jpg;3264.71;Model laptop 42;12
2;img/laptop.jpg;1409.62;Model laptop 43;20
2;img/laptop.jpg;4100.54;Model laptop 44;58
2;img/laptop.jpg;2922.08;Model laptop 45;29
2;img/laptop.jpg;2953.5;Model laptop 46;78
2;img/laptop.jpg;3562.28;Model laptop 47;26
2;img/laptop.jpg;3895.95;Model laptop 48;58
2;img/laptop.jpg;3766.41;Model laptop 49;77
2;img/laptop.jpg;3804.9;Model laptop 50;45
2;img/laptop.jpg;3547.72;Model laptop 51;23
2;img/laptop.jpg;2883.34;Model laptop 52;69
2;img/laptop.jpg;3940.19;Model laptop 53;60
2;img/laptop.jpg;2903.9;Model laptop 54;68
2;img/laptop.jpg;3595.91;Model laptop 55;45
2;img/laptop.jpg;1793.83;Model laptop 56;62
2;img/laptop.jpg;1463.44;Model laptop 57;76
2;img/laptop.jpg;1613.45;Model laptop 58;49
2;img/laptop.jpg;2386.19;Model laptop 59;38
2;img/laptop.jpg;2125.79;Model laptop 60;99
2;img/laptop.jpg;4460.74;Model laptop 61;27
2;img/laptop.jpg;4758.63;Model laptop 62;47
2;img/laptop.jpg;4470;Model laptop 63;86
2;img/laptop.jpg;1865.87;Model laptop 64;93
2;img/laptop.jpg;2857.74;Model laptop 65;59
2;img/laptop.jpg;4254.04;Model laptop 66;64
2;img/laptop.jpg;4259.43;Model laptop 67;90
2;img/laptop.jpg;4128.9;Model laptop 68;46
2;img/laptop.jpg;1318.33;Model laptop 69;14
2;img/laptop.jpg;3702.25;Model laptop 70;78
2;img/laptop.jpg;3000.99;Model laptop 71;98
2;img/laptop.jpg;1480.84;Model laptop 72;64
2;img/laptop.jpg;4798.85;Model laptop 73;68
2;img/laptop.jpg;1781.55;Model laptop 74;99
2;img/laptop.jpg;2976.37;Model laptop 75;10
2;img/laptop.jpg;3112.1;Model laptop 76;60
2;img/laptop.jpg;4750.44;Model laptop 77;68
2;img/laptop.jpg;4195.46;Model laptop 78;55
2;img/laptop.jpg;4928.01;Model laptop 79;72
2;img/laptop.jpg;3312.84;Model laptop 80;28
2;img/laptop.jpg;1417.55;Model laptop 81;36
2;img/laptop.jpg;1991.22;Model laptop 82;52
2;img/laptop.jpg;2116.73;Model laptop 83;98
2;img/laptop.jpg;4911.96;Model laptop 84;28
2;img/laptop.jpg;4109.36;Model laptop 85;85
2;img/laptop.jpg;1757.31;Model laptop 86;86
2;img/laptop.jpg;2154.1;Model laptop 87;46
2;img/laptop.jpg;3345.03;Model laptop 88;83
2;img/laptop.jpg;4331.89;Model laptop 89;22
2;img/laptop.jpg;2586.78;Model laptop 90;43
2;img/laptop.jpg;4389.53;Model laptop 91;77
2;img/laptop.jpg;2905.18;Model laptop 92;46
2;img/laptop.jpg;1739.6;Model laptop 93;65
2;img/laptop.jpg;1409.65;Model laptop 94;82
2;img/laptop.jpg;3323.31;Model laptop 95;42
2;img/laptop.jpg;3380.55;Model laptop 96;27
2;img/laptop.jpg;2326.54;Model laptop 97;93
2;img/laptop.jpg;1860.87;Model laptop 98;80
2;img/laptop.jpg;4817.11;Model laptop 99;19
2;img/laptop.jpg;4167.29;Model laptop 100;75
3;img/book.jpg;72.72;Nume carte 1;45
3;img/book.jpg;125.75;Nume carte 2;80
3;img/book.jpg;63.44;Nume carte 3;20
3;img/book.jpg;58.27;Nume carte 4;79
3;img/book.jpg;117.28;Nume carte 5;28
3;img/book.jpg;130.44;Nume carte 6;85
3;img/book.jpg;67.04;Nume carte 7;15
3;img/book.jpg;91.82;Nume carte 8;36
3;img/book.jpg;135.67;Nume carte 9;42
3;img/book.jpg;42.06;Nume carte 10;87
3;img/book.jpg;53.8;Nume carte 11;62
3;img/book.jpg;59.39;Nume carte 12;20
3;img/book.jpg;113.83;Nume carte 13;46
3;img/book.jpg;95.43;Nume carte 14;32
3;img/book.jpg;76.98;Nume carte 15;44
3;img/book.jpg;83.13;Nume carte 16;37
3;img/book.jpg;79.88;Nume carte 17;31
3;img/book.jpg;25.05;Nume carte 18;33
3;img/book.jpg;129.38;Nume carte 19;86
3;img/book.jpg;29.2;Nume carte 20;96
3;img/book.jpg;121.96;Nume carte 21;97
3;img/book.jpg;95.43;Nume carte 22;11
3;img/book.jpg;64.58;Nume carte 23;28
3;img/book.jpg;73.1;Nume carte 24;31
3;img/book.jpg;43.94;Nume carte 25;53
3;img/book.jpg;97.36;Nume carte 26;37
3;img/book.jpg;102.01;Nume carte 27;25
3;img/book.jpg;126.06;Nume carte 28;30
3;img/book.jpg;119.23;Nume carte 29;51
3;img/book.jpg;7.71;Nume carte 30;92
3;img/book.jpg;75.88;Nume carte 31;92
3;img/book.jpg;14.84;Nume carte 32;37
3;img/book.jpg;66.22;Nume carte 33;11
3;img/book.jpg;16.24;Nume carte 34;36
3;img/book.jpg;135.76;Nume carte 35;80
3;img/book.jpg;40.52;Nume carte 36;74
3;img/book.jpg;50.52;Nume carte 37;90
3;img/book.jpg;131.4;Nume carte 38;78
3;img/book.jpg;116.39;Nume carte 39;87
3;img/book.jpg;54;Nume carte 40;12
3;img/book.jpg;132.55;Nume carte 41;34
3;img/book.jpg;82.58;Nume carte 42;25
3;img/book.jpg;84.2;Nume carte 43;44
3;img/book.jpg;80.88;Nume carte 44;38
3;img/book.jpg;104.85;Nume carte 45;25
3;img/book.jpg;27.57;Nume carte 46;42
3;img/book.jpg;115.2;Nume carte 47;32
3;img/book.jpg;41.45;Nume carte 48;31
3;img/book.jpg;146.89;Nume carte 49;74
3;img/book.jpg;48.27;Nume carte 50;39
3;img/book.jpg;145.74;Nume carte 51;75
3;img/book.jpg;141.72;Nume carte 52;63
3;img/book.jpg;56.98;Nume carte 53;56
3;img/book.jpg;11.51;Nume carte 54;50
3;img/book.jpg;7.49;Nume carte 55;26
3;img/book.jpg;40.33;Nume carte 56;70
3;img/book.jpg;109.97;Nume carte 57;61
3;img/book.jpg;15.41;Nume carte 58;14
3;img/book.jpg;46.58;Nume carte 59;64
3;img/book.jpg;92.29;Nume carte 60;21
3;img/book.jpg;30.26;Nume carte 61;32
3;img/book.jpg;97.69;Nume carte 62;70
3;img/book.jpg;7.07;Nume carte 63;56
3;img/book.jpg;141.81;Nume carte 64;37
3;img/book.jpg;91.17;Nume carte 65;26
3;img/book.jpg;14.73;Nume carte 66;77
3;img/book.jpg;88.1;Nume carte 67;36
3;img/book.jpg;94.24;Nume carte 68;32
3;img/book.jpg;117.55;Nume carte 69;63
3;img/book.jpg;93.4;Nume carte 70;62
3;img/book.jpg;85.25;Nume carte 71;80
3;img/book.jpg;146.89;Nume carte 72;47
3;img/book.jpg;111.05;Nume carte 73;32
3;img/book.jpg;61.35;Nume carte 74;15
3;img/book.jpg;127.76;Nume carte 75;88
3;img/book.jpg;55.25;Nume carte 76;24
3;img/book.jpg;143.49;Nume carte 77;95
3;img/book.jpg;147.31;Nume carte 78;99
3;img/book.jpg;37.58;Nume carte 79;90
3;img/book.jpg;133.88;Nume carte 80;96
3;img/book.jpg;104.43;Nume carte 81;21
3;img/book.jpg;30.53;Nume carte 82;64
3;img/book.jpg;71.78;Nume carte 83;88
3;img/book.jpg;137.3;Nume carte 84;55
3;img/book.jpg;26.38;Nume carte 85;72
3;img/book.jpg;93.77;Nume carte 86;86
3;img/book.jpg;58.93;Nume carte 87;63
3;img/book.jpg;81.89;Nume carte 88;92
3;img/book.jpg;74.79;Nume carte 89;13
3;img/book.jpg;108.74;Nume carte 90;88
3;img/book.jpg;57.7;Nume carte 91;37
3;img/book.jpg;70.55;Nume carte 92;60
3;img/book.jpg;21.62;Nume carte 93;15
3;img/book.jpg;110.93;Nume carte 94;83
3;img/book.jpg;29.25;Nume carte 95;56
3;img/book.jpg;33.67;Nume carte 96;52
3;img/book.jpg;108.33;Nume carte 97;81
3;img/book.jpg;29.28;Nume carte 98;12
3;img/book.jpg;97.78;Nume carte 99;90
3;img/book.jpg;138.33;Nume carte 100;90
4;img/game.jpg;279.34;Nume joc 1;11
4;img/game.jpg;270.9;Nume joc 2;30
4;img/game.jpg;136.16;Nume joc 3;90
4;img/game.jpg;26.13;Nume joc 4;50
4;img/game.jpg;293.92;Nume joc 5;73
4;img/game.jpg;258.83;Nume joc 6;64
4;img/game.jpg;58.72;Nume joc 7;41
4;img/game.jpg;156.13;Nume joc 8;83
4;img/game.jpg;58.1;Nume joc 9;92
4;img/game.jpg;124.76;Nume joc 10;67
4;img/game.jpg;115.51;Nume joc 11;20
4;img/game.jpg;290.91;Nume joc 12;88
4;img/game.jpg;147.92;Nume joc 13;81
4;img/game.jpg;261.32;Nume joc 14;12
4;img/game.jpg;145.18;Nume joc 15;51
4;img/game.jpg;240.89;Nume joc 16;47
4;img/game.jpg;17.46;Nume joc 17;66
4;img/game.jpg;32.28;Nume joc 18;83
4;img/game.jpg;57.93;Nume joc 19;57
4;img/game.jpg;297.83;Nume joc 20;19
4;img/game.jpg;227.41;Nume joc 21;63
4;img/game.jpg;124.13;Nume joc 22;42
4;img/game.jpg;256.66;Nume joc 23;74
4;img/game.jpg;85.9;Nume joc 24;91
4;img/game.jpg;213.91;Nume joc 25;62
4;img/game.jpg;199.1;Nume joc 26;12
4;img/game.jpg;7.35;Nume joc 27;90
4;img/game.jpg;227.56;Nume joc 28;47
4;img/game.jpg;239.75;Nume joc 29;79
4;img/game.jpg;76.51;Nume joc 30;93
4;img/game.jpg;104.73;Nume joc 31;88
4;img/game.jpg;257.23;Nume joc 32;12
4;img/game.jpg;98.71;Nume joc 33;96
4;img/game.jpg;126.02;Nume joc 34;43
4;img/game.jpg;262.5;Nume joc 35;55
4;img/game.jpg;273.07;Nume joc 36;94
4;img/game.jpg;154.57;Nume joc 37;83
4;img/game.jpg;297.72;Nume joc 38;30
4;img/game.jpg;250.36;Nume joc 39;32
4;img/game.jpg;229.94;Nume joc 40;27
4;img/game.jpg;113.31;Nume joc 41;57
4;img/game.jpg;15.48;Nume joc 42;53
4;img/game.jpg;106.14;Nume joc 43;60
4;img/game.jpg;249.63;Nume joc 44;85
4;img/game.jpg;119.75;Nume joc 45;40
4;img/game.jpg;221.01;Nume joc 46;57
4;img/game.jpg;122.63;Nume joc 47;86
4;img/game.jpg;40.91;Nume joc 48;16
4;img/game.jpg;166.01;Nume joc 49;83
4;img/game.jpg;216.39;Nume joc 50;75
4;img/game.jpg;70.04;Nume joc 51;26
4;img/game.jpg;249.42;Nume joc 52;29
4;img/game.jpg;119.73;Nume joc 53;69
4;img/game.jpg;77.17;Nume joc 54;86
4;img/game.jpg;44.14;Nume joc 55;57
4;img/game.jpg;184.09;Nume joc 56;25
4;img/game.jpg;92.64;Nume joc 57;35
4;img/game.jpg;123.87;Nume joc 58;71
4;img/game.jpg;130.48;Nume joc 59;72
4;img/game.jpg;258.58;Nume joc 60;74
4;img/game.jpg;89.91;Nume joc 61;23
4;img/game.jpg;264.3;Nume joc 62;34
4;img/game.jpg;109.02;Nume joc 63;13
4;img/game.jpg;6.63;Nume joc 64;15
4;img/game.jpg;189.04;Nume joc 65;74
4;img/game.jpg;286.32;Nume joc 66;15
4;img/game.jpg;130.77;Nume joc 67;63
4;img/game.jpg;125.32;Nume joc 68;78
4;img/game.jpg;57.25;Nume joc 69;35
4;img/game.jpg;100.24;Nume joc 70;53
4;img/game.jpg;25.95;Nume joc 71;49
4;img/game.jpg;5.27;Nume joc 72;72
4;img/game.jpg;185.79;Nume joc 73;22
4;img/game.jpg;63.52;Nume joc 74;84
4;img/game.jpg;161.93;Nume joc 75;98
4;img/game.jpg;234.57;Nume joc 76;85
4;img/game.jpg;287.19;Nume joc 77;64
4;img/game.jpg;299.29;Nume joc 78;62
4;img/game.jpg;67.94;Nume joc 79;85
4;img/game.jpg;84.08;Nume joc 80;11
4;img/game.jpg;110.94;Nume joc 81;28
4;img/game.jpg;268.11;Nume joc 82;60
4;img/game.jpg;36.85;Nume joc 83;11
4;img/game.jpg;276.1;Nume joc 84;53
4;img/game.jpg;169.65;Nume joc 85;75
4;img/game.jpg;51.14;Nume joc 86;55
4;img/game.jpg;40.58;Nume joc 87;87
4;img/game.jpg;120.85;Nume joc 88;91
4;img/game.jpg;86.91;Nume joc 89;17
4;img/game.jpg;33.24;Nume joc 90;90
4;img/game.jpg;8.46;Nume joc 91;81
4;img/game.jpg;266.52;Nume joc 92;62
4;img/game.jpg;94.82;Nume joc 93;96
4;img/game.jpg;189.46;Nume joc 94;68
4;img/game.jpg;130.41;Nume joc 95;71
4;img/game.jpg;231.81;Nume joc 96;58
4;img/game.jpg;146.14;Nume joc 97;29
4;img/game.jpg;15.18;Nume joc 98;26
4;img/game.jpg;138.13;Nume joc 99;93
4;img/game.jpg;52.28;Nume joc 100;25
